,airline,airline_id,source,source_id,destination,destination_id,codeshare,stops,equipament
214,2Z,1729,AUX,7376,PMW,4214,,0,AT7
215,2Z,1729,BRA,7373,BSB,2531,,0,AT7
216,2Z,1729,BRA,7373,SSA,2621,,0,AT7
217,2Z,1729,BSB,2531,BRA,7373,,0,AT7
218,2Z,1729,BSB,2531,OPS,7367,,0,AT7
219,2Z,1729,BSB,2531,RAO,2613,,0,AT7
220,2Z,1729,CAC,2535,GRU,2564,,0,AT7
221,2Z,1729,CGB,2548,GYN,2562,,0,AT7
222,2Z,1729,CGB,2548,OPS,7367,,0,AT7
223,2Z,1729,CGR,2538,DOU,7380,,0,AT7
224,2Z,1729,DOU,7380,CGR,2538,,0,AT7
225,2Z,1729,DOU,7380,GRU,2564,,0,AT7
226,2Z,1729,GIG,2560,RAO,2613,,0,AT7
227,2Z,1729,GRU,2564,CAC,2535,,0,AT7
228,2Z,1729,GRU,2564,DOU,7380,,0,AT7
229,2Z,1729,GRU,2564,RAO,2613,,0,AT7
230,2Z,1729,GRU,2564,UBA,2635,,0,AT7
231,2Z,1729,GRU,2564,UDI,2633,,0,AT7
232,2Z,1729,GRU,2564,VDC,6039,,0,AT7
233,2Z,1729,GYN,2562,CGB,2548,,0,AT7
234,2Z,1729,GYN,2562,PMW,4214,,0,AT7
235,2Z,1729,GYN,2562,RAO,2613,,0,AT7
236,2Z,1729,GYN,2562,UDI,2633,,0,AT7
237,2Z,1729,OPS,7367,BSB,2531,,0,AT7
238,2Z,1729,OPS,7367,CGB,2548,,0,AT7
239,2Z,1729,PLU,2528,RAO,2613,,0,AT7
240,2Z,1729,PMW,4214,AUX,7376,,0,AT7
241,2Z,1729,PMW,4214,GYN,2562,,0,AT7
242,2Z,1729,RAO,2613,BSB,2531,,0,AT7
243,2Z,1729,RAO,2613,GIG,2560,,0,AT7
244,2Z,1729,RAO,2613,GRU,2564,,0,AT7
245,2Z,1729,RAO,2613,GYN,2562,,0,AT7
246,2Z,1729,RAO,2613,PLU,2528,,0,AT7
247,2Z,1729,RAO,2613,SJP,2619,,0,AT7
248,2Z,1729,RAO,2613,UDI,2633,,0,AT7
249,2Z,1729,SJP,2619,RAO,2613,,0,AT7
250,2Z,1729,SSA,2621,BRA,7373,,0,AT7
251,2Z,1729,SSA,2621,VDC,6039,,0,AT7
252,2Z,1729,UBA,2635,GRU,2564,,0,AT7
253,2Z,1729,UBA,2635,UDI,2633,,0,AT7
254,2Z,1729,UDI,2633,GRU,2564,,0,AT7
255,2Z,1729,UDI,2633,GYN,2562,,0,AT7
256,2Z,1729,UDI,2633,RAO,2613,,0,AT7
257,2Z,1729,UDI,2633,UBA,2635,,0,AT7
258,2Z,1729,VDC,6039,GRU,2564,,0,AT7
259,2Z,1729,VDC,6039,SSA,2621,,0,AT7
5063,AA,24,CWB,2545,POA,2599,,0,763
7807,ABJ,43,GNM,7407,SSA,2621,,0,EMB
7808,ABJ,43,LAZ,2582,GNM,7407,,0,EMB
7809,ABJ,43,SSA,2621,LAZ,2582,,0,EMB
8515,AD,13983,AAX,7395,POJ,8237,,0,AT4
8516,AD,13983,AFL,2524,CGB,2548,,0,E90
8517,AD,13983,AJU,2522,MCZ,2590,,0,E95 AT7
8518,AD,13983,AJU,2522,REC,2610,,0,AT7
8519,AD,13983,AJU,2522,SSA,2621,,0,AT7
8520,AD,13983,AJU,2522,VCP,2578,,0,E95 E90
8521,AD,13983,AQA,2521,VCP,2578,,0,AT7
8522,AD,13983,ARU,2525,GRU,2564,,0,AT7
8523,AD,13983,ARU,2525,VCP,2578,,0,AT7
8524,AD,13983,ATM,2566,BEL,2526,,0,AT7 E95
8525,AD,13983,ATM,2566,STM,4092,,0,AT7
8526,AD,13983,AUX,7376,BSB,2531,,0,AT7
8527,AD,13983,AUX,7376,MAB,2584,,0,AT7
8528,AD,13983,AUX,7376,PMW,4214,,0,AT7
8529,AD,13983,BAZ,7399,MAO,2551,,0,AT4
8530,AD,13983,BEL,2526,ATM,2566,,0,AT7 E95
8531,AD,13983,BEL,2526,CKS,7532,,0,AT7
8532,AD,13983,BEL,2526,CNF,2537,,0,E95
8533,AD,13983,BEL,2526,FOR,2559,,0,E95
8534,AD,13983,BEL,2526,IMP,2572,,0,E95
8535,AD,13983,BEL,2526,MAB,2584,,0,AT7
8536,AD,13983,BEL,2526,MAO,2551,,0,E95
8537,AD,13983,BEL,2526,MCP,2591,,0,AT7
8538,AD,13983,BEL,2526,STM,4092,,0,AT7
8539,AD,13983,BPS,4209,CNF,2537,,0,E95
8540,AD,13983,BPS,4209,SDU,2612,,0,E90
8541,AD,13983,BPS,4209,SSA,2621,,0,AT7
8542,AD,13983,BPS,4209,VCP,2578,,0,E95
8543,AD,13983,BRA,7373,BSB,2531,,0,AT7
8544,AD,13983,BRA,7373,SSA,2621,,0,AT7
8545,AD,13983,BSB,2531,AUX,7376,,0,AT7
8546,AD,13983,BSB,2531,BRA,7373,,0,AT7
8547,AD,13983,BSB,2531,CGB,2548,,0,E95
8548,AD,13983,BSB,2531,CNF,2537,,0,E95
8549,AD,13983,BSB,2531,GRU,2564,,0,E95 E90
8550,AD,13983,BSB,2531,MAB,2584,,0,E95
8551,AD,13983,BSB,2531,PMW,4214,,0,AT7
8552,AD,13983,BSB,2531,UDI,2633,,0,AT7
8553,AD,13983,BSB,2531,VCP,2578,,0,E95 E90
8554,AD,13983,BVB,2533,MAO,2551,,0,AT7
8555,AD,13983,BVH,2637,CGB,2548,,0,AT7
8556,AD,13983,BYO,8242,VCP,2578,,0,AT7
8557,AD,13983,CAC,2535,CWB,2545,,0,AT7
8558,AD,13983,CAC,2535,VCP,2578,,0,AT7
8559,AD,13983,CAW,2543,SDU,2612,,0,AT7
8560,AD,13983,CCM,2541,VCP,2578,,0,AT7
8561,AD,13983,CFB,7364,PLU,2528,,0,AT7
8562,AD,13983,CFB,7364,VCP,2578,,0,AT7
8563,AD,13983,CGB,2548,AFL,2524,,0,E90
8564,AD,13983,CGB,2548,BSB,2531,,0,E95
8565,AD,13983,CGB,2548,BVH,2637,,0,AT7
8566,AD,13983,CGB,2548,CGR,2538,,0,AT7 E75
8567,AD,13983,CGB,2548,CNF,2537,,0,E95 E90
8568,AD,13983,CGB,2548,GRU,2564,,0,E90 E95
8569,AD,13983,CGB,2548,GYN,2562,,0,E90 E95
8570,AD,13983,CGB,2548,JPR,6073,,0,AT7
8571,AD,13983,CGB,2548,LDB,2581,,0,E90
8572,AD,13983,CGB,2548,MGF,2586,,0,E90
8573,AD,13983,CGB,2548,OAL,9771,,0,E90 AT7
8574,AD,13983,CGB,2548,OPS,7367,,0,E95
8575,AD,13983,CGB,2548,PVH,2607,,0,E95 E90
8576,AD,13983,CGB,2548,ROO,7382,,0,AT7
8577,AD,13983,CGB,2548,SJP,2619,,0,AT7
8578,AD,13983,CGB,2548,VCP,2578,,0,E90 E95
8579,AD,13983,CGH,2618,SDU,2612,,0,E90
8580,AD,13983,CGR,2538,CGB,2548,,0,AT7 E75
8581,AD,13983,CGR,2538,CMG,2544,,0,AT7
8582,AD,13983,CGR,2538,GRU,2564,,0,E95
8583,AD,13983,CGR,2538,VCP,2578,,0,E95 E90 E75
8584,AD,13983,CIZ,7398,MAO,2551,,0,AT4
8585,AD,13983,CKS,7532,BEL,2526,,0,AT7
8586,AD,13983,CKS,7532,CNF,2537,,0,E95
8587,AD,13983,CKS,7532,MAB,2584,,0,E95
8588,AD,13983,CLV,4215,VCP,2578,,0,E90 E95
8589,AD,13983,CMG,2544,CGR,2538,,0,AT7
8590,AD,13983,CNF,2537,BEL,2526,,0,E95
8591,AD,13983,CNF,2537,BPS,4209,,0,E95
8592,AD,13983,CNF,2537,BSB,2531,,0,E95
8593,AD,13983,CNF,2537,CGB,2548,,0,E95 E90
8594,AD,13983,CNF,2537,CKS,7532,,0,E95
8595,AD,13983,CNF,2537,CPV,2577,,0,E90
8596,AD,13983,CNF,2537,CWB,2545,,0,E95 E90
8597,AD,13983,CNF,2537,FOR,2559,,0,E95
8598,AD,13983,CNF,2537,GRU,2564,,0,E90 E95
8599,AD,13983,CNF,2537,GYN,2562,,0,E90
8600,AD,13983,CNF,2537,IMP,2572,,0,E95
8601,AD,13983,CNF,2537,IPN,2570,,0,AT7
8602,AD,13983,CNF,2537,IZA,8180,,0,AT7
8603,AD,13983,CNF,2537,MAO,2551,,0,E95
8604,AD,13983,CNF,2537,MOC,2587,,0,E90 E95
8605,AD,13983,CNF,2537,POA,2599,,0,E95
8606,AD,13983,CNF,2537,RAO,2613,,0,AT7
8607,AD,13983,CNF,2537,REC,2610,,0,E90 E95
8608,AD,13983,CNF,2537,SDU,2612,,0,E90 E95
8609,AD,13983,CNF,2537,SLZ,2616,,0,E95
8610,AD,13983,CNF,2537,SSA,2621,,0,E95
8611,AD,13983,CNF,2537,UBA,2635,,0,AT7
8612,AD,13983,CNF,2537,UDI,2633,,0,E95
8613,AD,13983,CNF,2537,VCP,2578,,0,E95 E90
8614,AD,13983,CNF,2537,VDC,6039,,0,AT7
8615,AD,13983,CNF,2537,VIX,2638,,0,E95 E90
8616,AD,13983,CPV,2577,PNZ,2604,,0,E90
8617,AD,13983,CWB,2545,CAC,2535,,0,AT7
8618,AD,13983,CWB,2545,CNF,2537,,0,E95
8619,AD,13983,CWB,2545,CXJ,2547,,0,AT7
8620,AD,13983,CWB,2545,GRU,2564,,0,E95 E90
8621,AD,13983,CWB,2545,IGU,2554,,0,E95
8622,AD,13983,CWB,2545,LDB,2581,,0,E90 AT7
8623,AD,13983,CWB,2545,MGF,2586,,0,E90
8624,AD,13983,CWB,2545,POA,2599,,0,E95
8625,AD,13983,CWB,2545,SDU,2612,,0,E90
8626,AD,13983,CWB,2545,VCP,2578,,0,E95 E90
8627,AD,13983,CXJ,2547,CWB,2545,,0,AT7
8628,AD,13983,CXJ,2547,VCP,2578,,0,E95
8629,AD,13983,DOU,7380,VCP,2578,,0,AT7
8630,AD,13983,ERN,8247,TFF,2624,,0,AT4
8631,AD,13983,FEN,2556,NAT,2597,,0,AT7
8632,AD,13983,FEN,2556,REC,2610,,0,E95
8633,AD,13983,FLN,2555,VCP,2578,,0,E95 E90
8634,AD,13983,FOR,2559,BEL,2526,,0,E95
8635,AD,13983,FOR,2559,CNF,2537,,0,E95
8636,AD,13983,FOR,2559,JPA,2575,,0,AT7
8637,AD,13983,FOR,2559,NAT,2597,,0,E95
8638,AD,13983,FOR,2559,PHB,\N,,0,AT7
8639,AD,13983,FOR,2559,REC,2610,,0,E95
8640,AD,13983,FOR,2559,SLZ,2616,,0,E95
8641,AD,13983,FOR,2559,THE,2623,,0,E95
8642,AD,13983,FOR,2559,VCP,2578,,0,E95 E90
8643,AD,13983,GIG,2560,VCP,2578,,0,E95 E90
8644,AD,13983,GRU,2564,ARU,2525,,0,AT7
8645,AD,13983,GRU,2564,BSB,2531,,0,E95
8646,AD,13983,GRU,2564,CGB,2548,,0,E95 E90
8647,AD,13983,GRU,2564,CGR,2538,,0,E95
8648,AD,13983,GRU,2564,CNF,2537,,0,E90 E95
8649,AD,13983,GRU,2564,CWB,2545,,0,E95 E90
8650,AD,13983,GRU,2564,GYN,2562,,0,E95
8651,AD,13983,GRU,2564,IOS,2569,,0,E95
8652,AD,13983,GRU,2564,IPN,2570,,0,AT7
8653,AD,13983,GRU,2564,NVT,2595,,0,E95
8654,AD,13983,GRU,2564,PLU,2528,,0,AT7
8655,AD,13983,GRU,2564,POA,2599,,0,E95 E90
8656,AD,13983,GRU,2564,REC,2610,,0,E95
8657,AD,13983,GRU,2564,SDU,2612,,0,E90 E95
8658,AD,13983,GRU,2564,SSA,2621,,0,E95
8659,AD,13983,GVR,6735,PLU,2528,,0,AT7
8660,AD,13983,GYN,2562,CGB,2548,,0,E90 E95
8661,AD,13983,GYN,2562,CNF,2537,,0,E90
8662,AD,13983,GYN,2562,GRU,2564,,0,E95
8663,AD,13983,GYN,2562,PMW,4214,,0,E95 E90
8664,AD,13983,GYN,2562,SDU,2612,,0,E90
8665,AD,13983,GYN,2562,VCP,2578,,0,E95 E90
8666,AD,13983,IGU,2554,CWB,2545,,0,E95
8667,AD,13983,IGU,2554,POA,2599,,0,AT7
8668,AD,13983,IGU,2554,VCP,2578,,0,E95 E90
8669,AD,13983,IMP,2572,BEL,2526,,0,E95
8670,AD,13983,IMP,2572,CNF,2537,,0,E95
8671,AD,13983,IOS,2569,GRU,2564,,0,E95
8672,AD,13983,IOS,2569,SSA,2621,,0,AT7 E95
8673,AD,13983,IOS,2569,VCP,2578,,0,E95
8674,AD,13983,IPN,2570,CNF,2537,,0,AT7
8675,AD,13983,IPN,2570,GRU,2564,,0,AT7
8676,AD,13983,IPN,2570,PLU,2528,,0,AT4
8677,AD,13983,IRZ,8258,TFF,2624,,0,AT4
8678,AD,13983,ITB,2568,STM,4092,,0,AT7
8679,AD,13983,IZA,8180,CNF,2537,,0,AT7
8680,AD,13983,IZA,8180,VCP,2578,,0,AT7
8681,AD,13983,JDO,6034,VCP,2578,,0,E90
8682,AD,13983,JOI,2576,POA,2599,,0,AT7
8683,AD,13983,JOI,2576,VCP,2578,,0,E95 AT7
8684,AD,13983,JPA,2575,FOR,2559,,0,AT7
8685,AD,13983,JPA,2575,SSA,2621,,0,AT7
8686,AD,13983,JPA,2575,VCP,2578,,0,E95
8687,AD,13983,JPR,6073,CGB,2548,,0,AT7
8688,AD,13983,JTC,8238,MII,6038,,0,AT7
8689,AD,13983,JTC,8238,VCP,2578,,0,AT7
8690,AD,13983,LDB,2581,CGB,2548,,0,E90
8691,AD,13983,LDB,2581,CWB,2545,,0,AT7 E90
8692,AD,13983,LDB,2581,MGF,2586,,0,AT7
8693,AD,13983,LDB,2581,POA,2599,,0,AT7
8694,AD,13983,LDB,2581,VCP,2578,,0,E90 E95 AT7
8695,AD,13983,LEC,6036,SSA,2621,,0,AT7
8696,AD,13983,MAB,2584,AUX,7376,,0,AT7
8697,AD,13983,MAB,2584,BEL,2526,,0,AT7
8698,AD,13983,MAB,2584,BSB,2531,,0,E95
8699,AD,13983,MAB,2584,CKS,7532,,0,E95
8700,AD,13983,MAB,2584,TUR,2629,,0,AT7
8701,AD,13983,MAO,2551,BAZ,7399,,0,AT4
8702,AD,13983,MAO,2551,BEL,2526,,0,E95
8703,AD,13983,MAO,2551,BVB,2533,,0,AT7
8704,AD,13983,MAO,2551,CIZ,7398,,0,AT4
8705,AD,13983,MAO,2551,CNF,2537,,0,E95
8706,AD,13983,MAO,2551,PIN,7372,,0,AT7
8707,AD,13983,MAO,2551,PVH,2607,,0,E95 AT7
8708,AD,13983,MAO,2551,STM,4092,,0,AT7
8709,AD,13983,MAO,2551,TBT,2628,,0,E95
8710,AD,13983,MAO,2551,TFF,2624,,0,AT4 E95
8711,AD,13983,MAO,2551,VCP,2578,,0,E95
8712,AD,13983,MCP,2591,BEL,2526,,0,AT7
8713,AD,13983,MCZ,2590,AJU,2522,,0,E95 E90 AT7
8714,AD,13983,MCZ,2590,REC,2610,,0,AT7
8715,AD,13983,MCZ,2590,VCP,2578,,0,E95
8716,AD,13983,MEA,6037,SDU,2612,,0,AT4
8717,AD,13983,MEA,6037,VCP,2578,,0,AT4
8718,AD,13983,MGF,2586,CGB,2548,,0,E90
8719,AD,13983,MGF,2586,CWB,2545,,0,E90
8720,AD,13983,MGF,2586,LDB,2581,,0,AT7
8721,AD,13983,MGF,2586,POA,2599,,0,AT7
8722,AD,13983,MGF,2586,VCP,2578,,0,E90 AT7
8723,AD,13983,MII,6038,JTC,8238,,0,AT7
8724,AD,13983,MII,6038,VCP,2578,,0,AT7
8725,AD,13983,MOC,2587,CNF,2537,,0,E95 E90
8726,AD,13983,MOC,2587,PLU,2528,,0,AT7
8727,AD,13983,NAT,2597,CNF,2537,,0,E95
8728,AD,13983,NAT,2597,FEN,2556,,0,AT7
8729,AD,13983,NAT,2597,REC,2610,,0,AT7 E90
8730,AD,13983,NAT,2597,VCP,2578,,0,E95
8731,AD,13983,NVT,2595,GRU,2564,,0,E95
8732,AD,13983,NVT,2595,POA,2599,,0,E95 E90
8733,AD,13983,NVT,2595,VCP,2578,,0,E95 E90
8734,AD,13983,OAL,9771,CGB,2548,,0,E90 AT7
8735,AD,13983,OLC,8256,TFF,2624,,0,AT4
8736,AD,13983,OPS,7367,CGB,2548,,0,E95
8737,AD,13983,PAV,2631,SSA,2621,,0,AT7
8738,AD,13983,PET,2603,POA,2599,,0,AT7
8739,AD,13983,PFB,2602,POA,2599,,0,AT7
8740,AD,13983,PFB,2602,VCP,2578,,0,AT7
8741,AD,13983,PHB,\N,FOR,2559,,0,AT7
8742,AD,13983,PHB,\N,THE,2623,,0,AT7
8743,AD,13983,PIN,7372,MAO,2551,,0,AT7
8744,AD,13983,PLU,2528,AAX,7395,,0,AT4
8745,AD,13983,PLU,2528,CFB,7364,,0,AT7
8746,AD,13983,PLU,2528,GRU,2564,,0,AT7
8747,AD,13983,PLU,2528,GVR,6735,,0,AT7
8748,AD,13983,PLU,2528,IPN,2570,,0,AT4
8749,AD,13983,PLU,2528,MOC,2587,,0,AT7
8750,AD,13983,PLU,2528,POJ,8237,,0,AT4
8751,AD,13983,PLU,2528,SJK,2615,,0,AT7
8752,AD,13983,PLU,2528,UDI,2633,,0,AT7
8753,AD,13983,PLU,2528,VCP,2578,,0,AT7
8754,AD,13983,PLU,2528,VDC,6039,Y,0,AT7
8755,AD,13983,PMW,4214,AUX,7376,,0,AT7
8756,AD,13983,PMW,4214,BSB,2531,,0,AT7
8757,AD,13983,PMW,4214,GYN,2562,,0,E90 E95
8758,AD,13983,PNZ,2604,CNF,2537,,0,E90
8759,AD,13983,POA,2599,CNF,2537,,0,E95
8760,AD,13983,POA,2599,CWB,2545,,0,E95
8761,AD,13983,POA,2599,GRU,2564,,0,E95 E90
8762,AD,13983,POA,2599,IGU,2554,,0,AT7
8763,AD,13983,POA,2599,JOI,2576,,0,AT7
8764,AD,13983,POA,2599,LDB,2581,,0,AT7
8765,AD,13983,POA,2599,MGF,2586,,0,AT7
8766,AD,13983,POA,2599,NVT,2595,,0,E95 E90
8767,AD,13983,POA,2599,PET,2603,,0,AT7
8768,AD,13983,POA,2599,PFB,2602,,0,AT7
8769,AD,13983,POA,2599,RIA,6040,,0,AT7
8770,AD,13983,POA,2599,SDU,2612,,0,E90
8771,AD,13983,POA,2599,VCP,2578,,0,E95 E90
8772,AD,13983,POA,2599,XAP,2539,,0,AT7
8773,AD,13983,POJ,8237,PLU,2528,,0,AT4
8774,AD,13983,PPB,2550,VCP,2578,,0,AT7 E95
8775,AD,13983,PVH,2607,CGB,2548,,0,E90 E95
8776,AD,13983,PVH,2607,MAO,2551,,0,E95 AT7
8777,AD,13983,PVH,2607,RBR,2609,,0,E90 E95
8778,AD,13983,RAO,2613,CNF,2537,,0,AT7
8779,AD,13983,RAO,2613,SJP,2619,,0,E95
8780,AD,13983,RAO,2613,VCP,2578,,0,E90 AT7 E95
8781,AD,13983,RBR,2609,PVH,2607,,0,E90 E95
8782,AD,13983,REC,2610,AJU,2522,,0,AT7
8783,AD,13983,REC,2610,CNF,2537,,0,E90 E95
8784,AD,13983,REC,2610,FEN,2556,,0,E95
8785,AD,13983,REC,2610,FOR,2559,,0,E95
8786,AD,13983,REC,2610,GRU,2564,,0,E95
8787,AD,13983,REC,2610,MCZ,2590,,0,AT7
8788,AD,13983,REC,2610,NAT,2597,,0,AT7 E90
8789,AD,13983,REC,2610,SSA,2621,,0,E95
8790,AD,13983,REC,2610,THE,2623,,0,E95
8791,AD,13983,REC,2610,VCP,2578,,0,E95
8792,AD,13983,RIA,6040,POA,2599,,0,AT7
8793,AD,13983,ROO,7382,CGB,2548,,0,AT7
8794,AD,13983,RVD,7394,VCP,2578,,0,AT4
8795,AD,13983,SDU,2612,BPS,4209,,0,E90
8796,AD,13983,SDU,2612,CAW,2543,,0,AT7
8797,AD,13983,SDU,2612,CGH,2618,,0,E90
8798,AD,13983,SDU,2612,CNF,2537,,0,E90 E95
8799,AD,13983,SDU,2612,CWB,2545,,0,E90
8800,AD,13983,SDU,2612,GRU,2564,,0,E90 E95
8801,AD,13983,SDU,2612,GYN,2562,,0,E90
8802,AD,13983,SDU,2612,MEA,6037,,0,AT4
8803,AD,13983,SDU,2612,POA,2599,,0,E90
8804,AD,13983,SDU,2612,SJK,2615,,0,AT7 E90
8805,AD,13983,SDU,2612,VCP,2578,,0,E95 E90
8806,AD,13983,SDU,2612,VIX,2638,,0,E90 E95
8807,AD,13983,SJK,2615,PLU,2528,,0,AT7
8808,AD,13983,SJK,2615,SDU,2612,,0,E90 AT7
8809,AD,13983,SJL,2630,TFF,2624,,0,AT4
8810,AD,13983,SJP,2619,CGB,2548,,0,AT7
8811,AD,13983,SJP,2619,RAO,2613,,0,E95
8812,AD,13983,SJP,2619,VCP,2578,,0,E95 AT7 E90
8813,AD,13983,SLZ,2616,CNF,2537,,0,E95
8814,AD,13983,SLZ,2616,FOR,2559,,0,E95
8815,AD,13983,SLZ,2616,THE,2623,,0,E95
8816,AD,13983,SSA,2621,AJU,2522,,0,AT7
8817,AD,13983,SSA,2621,BPS,4209,,0,AT7
8818,AD,13983,SSA,2621,BRA,7373,,0,AT7
8819,AD,13983,SSA,2621,CNF,2537,,0,E95
8820,AD,13983,SSA,2621,GRU,2564,,0,E95
8821,AD,13983,SSA,2621,IOS,2569,,0,E95 AT7
8822,AD,13983,SSA,2621,JPA,2575,,0,AT7
8823,AD,13983,SSA,2621,LEC,6036,,0,AT7
8824,AD,13983,SSA,2621,PAV,2631,,0,AT7
8825,AD,13983,SSA,2621,REC,2610,,0,E95
8826,AD,13983,SSA,2621,VCP,2578,,0,E95 E90
8827,AD,13983,SSA,2621,VDC,6039,,0,AT7
8828,AD,13983,SSA,2621,VIX,2638,,0,E95 AT7 E90
8829,AD,13983,STM,4092,ATM,2566,,0,AT7
8830,AD,13983,STM,4092,BEL,2526,,0,AT7
8831,AD,13983,STM,4092,ITB,2568,,0,AT7
8832,AD,13983,STM,4092,MAO,2551,,0,AT7
8833,AD,13983,STM,4092,TMT,2622,,0,AT7
8834,AD,13983,TBT,2628,MAO,2551,,0,E95
8835,AD,13983,TFF,2624,ERN,8247,,0,AT4
8836,AD,13983,TFF,2624,IRZ,8258,,0,AT4
8837,AD,13983,TFF,2624,MAO,2551,,0,E95 AT4
8838,AD,13983,TFF,2624,OLC,8256,,0,AT4
8839,AD,13983,TFF,2624,SJL,2630,,0,AT4
8840,AD,13983,THE,2623,FOR,2559,,0,E95
8841,AD,13983,THE,2623,PHB,\N,,0,AT7
8842,AD,13983,THE,2623,REC,2610,,0,E95
8843,AD,13983,THE,2623,SLZ,2616,,0,E95
8844,AD,13983,THE,2623,VCP,2578,,0,E95
8845,AD,13983,TMT,2622,STM,4092,,0,AT7
8846,AD,13983,TUR,2629,BEL,2526,,0,AT7
8847,AD,13983,UBA,2635,CNF,2537,,0,AT7
8848,AD,13983,UBA,2635,VCP,2578,,0,AT7
8849,AD,13983,UDI,2633,BSB,2531,,0,AT7
8850,AD,13983,UDI,2633,CNF,2537,,0,E95
8851,AD,13983,UDI,2633,PLU,2528,,0,AT7
8852,AD,13983,UDI,2633,VCP,2578,,0,AT7 E90 E95
8853,AD,13983,VCP,2578,AJU,2522,,0,E95
8854,AD,13983,VCP,2578,AQA,2521,,0,AT7
8855,AD,13983,VCP,2578,ARU,2525,,0,AT7
8856,AD,13983,VCP,2578,BPS,4209,,0,E95
8857,AD,13983,VCP,2578,BSB,2531,,0,E95 E90
8858,AD,13983,VCP,2578,BYO,8242,,0,AT7
8859,AD,13983,VCP,2578,CAC,2535,,0,AT7
8860,AD,13983,VCP,2578,CCM,2541,,0,AT7
8861,AD,13983,VCP,2578,CFB,7364,,0,AT7
8862,AD,13983,VCP,2578,CGB,2548,,0,E95 E90
8863,AD,13983,VCP,2578,CGR,2538,,0,E95 E90 E75
8864,AD,13983,VCP,2578,CLV,4215,,0,E90 E95
8865,AD,13983,VCP,2578,CNF,2537,,0,E95 E90
8866,AD,13983,VCP,2578,CWB,2545,,0,E95 E90
8867,AD,13983,VCP,2578,CXJ,2547,,0,E95
8868,AD,13983,VCP,2578,DOU,7380,,0,AT7
8869,AD,13983,VCP,2578,FLN,2555,,0,E95 E90
8870,AD,13983,VCP,2578,FOR,2559,,0,E90 E95
8871,AD,13983,VCP,2578,GIG,2560,,0,E90 E95
8872,AD,13983,VCP,2578,GYN,2562,,0,E95 E90
8873,AD,13983,VCP,2578,IGU,2554,,0,E95 E90
8874,AD,13983,VCP,2578,IOS,2569,,0,E95
8875,AD,13983,VCP,2578,IZA,8180,,0,AT7
8876,AD,13983,VCP,2578,JDO,6034,,0,E90
8877,AD,13983,VCP,2578,JOI,2576,,0,AT7 E95
8878,AD,13983,VCP,2578,JPA,2575,,0,E95
8879,AD,13983,VCP,2578,JTC,8238,,0,AT7
8880,AD,13983,VCP,2578,LDB,2581,,0,E95 AT7 E90
8881,AD,13983,VCP,2578,MAO,2551,,0,E95
8882,AD,13983,VCP,2578,MCZ,2590,,0,E95 E90
8883,AD,13983,VCP,2578,MEA,6037,,0,AT4
8884,AD,13983,VCP,2578,MGF,2586,,0,AT7 E90 E95
8885,AD,13983,VCP,2578,MII,6038,,0,AT7
8886,AD,13983,VCP,2578,NAT,2597,,0,E95
8887,AD,13983,VCP,2578,NVT,2595,,0,E90 E95
8888,AD,13983,VCP,2578,PFB,2602,,0,AT7
8889,AD,13983,VCP,2578,PLU,2528,,0,AT7
8890,AD,13983,VCP,2578,POA,2599,,0,E95 E90
8891,AD,13983,VCP,2578,PPB,2550,,0,AT7 E95
8892,AD,13983,VCP,2578,RAO,2613,,0,AT7 E90 E95
8893,AD,13983,VCP,2578,REC,2610,,0,E95
8894,AD,13983,VCP,2578,RVD,7394,,0,AT4
8895,AD,13983,VCP,2578,SDU,2612,,0,E90 E95
8896,AD,13983,VCP,2578,SJP,2619,,0,AT7 E95
8897,AD,13983,VCP,2578,SSA,2621,,0,E95 E90
8898,AD,13983,VCP,2578,THE,2623,,0,E95
8899,AD,13983,VCP,2578,UBA,2635,,0,AT7
8900,AD,13983,VCP,2578,UDI,2633,,0,E90 AT7 E95
8901,AD,13983,VCP,2578,VIX,2638,,0,E95 E90
8902,AD,13983,VCP,2578,XAP,2539,,0,AT7 E95
8903,AD,13983,VDC,6039,CNF,2537,,0,AT7
8904,AD,13983,VDC,6039,PLU,2528,Y,0,AT7
8905,AD,13983,VDC,6039,SSA,2621,,0,AT7
8906,AD,13983,VIX,2638,CNF,2537,,0,E90 E95
8907,AD,13983,VIX,2638,SDU,2612,,0,E90 E95
8908,AD,13983,VIX,2638,SSA,2621,,0,AT7 E95 E90
8909,AD,13983,VIX,2638,VCP,2578,,0,E95 E90
8910,AD,13983,XAP,2539,POA,2599,,0,AT7
8911,AD,13983,XAP,2539,VCP,2578,,0,AT7 E95
9186,AF,137,BEL,2526,STM,4092,Y,0,738
9451,AF,137,CWB,2545,BSB,2531,Y,0,73G
9542,AF,137,GIG,2560,CWB,2545,Y,0,73G
9705,AF,137,MAO,2551,GRU,2564,Y,0,738
9966,AF,137,STM,4092,MAO,2551,Y,0,738
23803,ET,2220,GIG,2560,GRU,2564,,0,788
28524,G3,1790,AJU,2522,GIG,2560,,0,738 73G
28525,G3,1790,AJU,2522,GRU,2564,,0,73G 738
28526,G3,1790,AJU,2522,SSA,2621,,0,738
28529,G3,1790,BEL,2526,BSB,2531,,0,738 73G
28530,G3,1790,BEL,2526,FOR,2559,,0,738 73G
28531,G3,1790,BEL,2526,GIG,2560,,0,738
28532,G3,1790,BEL,2526,GRU,2564,,0,738
28533,G3,1790,BEL,2526,MAB,2584,,0,73G 738
28534,G3,1790,BEL,2526,MAO,2551,,0,73G
28535,G3,1790,BEL,2526,MCP,2591,,0,738 73G
28536,G3,1790,BEL,2526,SLZ,2616,,0,738
28537,G3,1790,BEL,2526,STM,4092,,0,73G 738
28539,G3,1790,BPS,4209,CNF,2537,,0,738
28540,G3,1790,BPS,4209,GRU,2564,,0,738
28541,G3,1790,BPS,4209,SSA,2621,,0,738
28542,G3,1790,BSB,2531,BEL,2526,,0,738
28543,G3,1790,BSB,2531,CGB,2548,,0,738
28544,G3,1790,BSB,2531,CGH,2618,,0,738 73G
28545,G3,1790,BSB,2531,CGR,2538,,0,738
28546,G3,1790,BSB,2531,CNF,2537,,0,738 73G
28547,G3,1790,BSB,2531,CWB,2545,,0,73G 738
28548,G3,1790,BSB,2531,FOR,2559,,0,73G 738
28549,G3,1790,BSB,2531,GIG,2560,,0,738 73G
28550,G3,1790,BSB,2531,GRU,2564,,0,738 73G
28551,G3,1790,BSB,2531,GYN,2562,,0,738 73G
28552,G3,1790,BSB,2531,IMP,2572,,0,73G
28553,G3,1790,BSB,2531,JPA,2575,,0,738
28554,G3,1790,BSB,2531,MAB,2584,,0,738 73G
28555,G3,1790,BSB,2531,MAO,2551,,0,738 73G
28556,G3,1790,BSB,2531,MCZ,2590,,0,738
28557,G3,1790,BSB,2531,NAT,2597,,0,73G 738
28558,G3,1790,BSB,2531,PMW,4214,,0,738 73G
28559,G3,1790,BSB,2531,POA,2599,,0,738
28560,G3,1790,BSB,2531,PVH,2607,,0,738
28561,G3,1790,BSB,2531,RBR,2609,,0,73G
28562,G3,1790,BSB,2531,REC,2610,,0,738
28563,G3,1790,BSB,2531,SDU,2612,,0,738 73G
28564,G3,1790,BSB,2531,SLZ,2616,,0,738
28565,G3,1790,BSB,2531,SSA,2621,,0,738
28566,G3,1790,BSB,2531,THE,2623,,0,73G 738
28567,G3,1790,BSB,2531,VCP,2578,,0,738
28568,G3,1790,BVB,2533,MAO,2551,,0,738 73G
28572,G3,1790,CGB,2548,BSB,2531,,0,738
28573,G3,1790,CGB,2548,CGH,2618,,0,738
28574,G3,1790,CGB,2548,CGR,2538,,0,738
28575,G3,1790,CGB,2548,GIG,2560,,0,738
28576,G3,1790,CGB,2548,GRU,2564,,0,738 73G
28577,G3,1790,CGB,2548,PVH,2607,,0,73G
28578,G3,1790,CGH,2618,BSB,2531,,0,738 73G
28579,G3,1790,CGH,2618,CGB,2548,,0,738
28580,G3,1790,CGH,2618,CGR,2538,,0,738 73G
28581,G3,1790,CGH,2618,CLV,4215,,0,73G
28582,G3,1790,CGH,2618,CNF,2537,,0,738 73G
28583,G3,1790,CGH,2618,CWB,2545,,0,738 73G
28584,G3,1790,CGH,2618,CXJ,2547,,0,73G 738
28585,G3,1790,CGH,2618,FLN,2555,,0,73G 738
28586,G3,1790,CGH,2618,GIG,2560,,0,738 73G
28587,G3,1790,CGH,2618,GYN,2562,,0,738 73G
28588,G3,1790,CGH,2618,JOI,2576,,0,73G
28589,G3,1790,CGH,2618,JTC,8238,,0,73G
28590,G3,1790,CGH,2618,LDB,2581,,0,73G
28591,G3,1790,CGH,2618,MGF,2586,,0,738 73G
28592,G3,1790,CGH,2618,NVT,2595,,0,73G
28593,G3,1790,CGH,2618,POA,2599,,0,738 73G
28594,G3,1790,CGH,2618,PPB,2550,,0,73G
28595,G3,1790,CGH,2618,SDU,2612,,0,738
28596,G3,1790,CGH,2618,SSA,2621,,0,738 73G
28597,G3,1790,CGH,2618,UDI,2633,,0,73G 738
28598,G3,1790,CGH,2618,VIX,2638,,0,73G 738
28599,G3,1790,CGR,2538,BSB,2531,,0,738
28600,G3,1790,CGR,2538,CGB,2548,,0,73G
28601,G3,1790,CGR,2538,CGH,2618,,0,738 73G
28602,G3,1790,CGR,2538,GIG,2560,,0,738
28603,G3,1790,CGR,2538,GRU,2564,,0,738
28604,G3,1790,CGR,2538,MGF,2586,,0,738
28605,G3,1790,CLV,4215,CGH,2618,,0,73G
28606,G3,1790,CNF,2537,BPS,4209,,0,738
28607,G3,1790,CNF,2537,BSB,2531,,0,738 73G
28608,G3,1790,CNF,2537,CGH,2618,,0,738 73G
28609,G3,1790,CNF,2537,GIG,2560,,0,738 73G
28610,G3,1790,CNF,2537,GRU,2564,,0,738 73G
28611,G3,1790,CNF,2537,GYN,2562,,0,73G
28612,G3,1790,CNF,2537,IOS,2569,,0,73G
28613,G3,1790,CNF,2537,MOC,2587,,0,73G
28614,G3,1790,CNF,2537,REC,2610,,0,738
28615,G3,1790,CNF,2537,SDU,2612,,0,738 73G
28616,G3,1790,CNF,2537,SSA,2621,,0,738
28617,G3,1790,CNF,2537,UDI,2633,,0,738 73G
28618,G3,1790,CNF,2537,VCP,2578,,0,738
28619,G3,1790,CNF,2537,VIX,2638,,0,73G 738
28621,G3,1790,CPV,2577,SSA,2621,,0,738 73G
28622,G3,1790,CWB,2545,BSB,2531,,0,738 73G
28623,G3,1790,CWB,2545,CGH,2618,,0,738 73G
28625,G3,1790,CWB,2545,GIG,2560,,0,73G 738
28626,G3,1790,CWB,2545,GRU,2564,,0,738
28627,G3,1790,CWB,2545,IGU,2554,,0,738
28628,G3,1790,CWB,2545,LDB,2581,,0,738 73G
28629,G3,1790,CWB,2545,MGF,2586,,0,73G 738
28630,G3,1790,CWB,2545,POA,2599,,0,73G 738
28631,G3,1790,CWB,2545,VCP,2578,,0,73G
28632,G3,1790,CXJ,2547,CGH,2618,,0,73G 738
28633,G3,1790,CZS,2549,RBR,2609,,0,73G
28641,G3,1790,FEN,2556,REC,2610,,0,73G
28642,G3,1790,FLN,2555,CGH,2618,,0,73G 738
28644,G3,1790,FLN,2555,GIG,2560,,0,738
28645,G3,1790,FLN,2555,GRU,2564,,0,73G 738
28646,G3,1790,FLN,2555,POA,2599,,0,73G 738
28647,G3,1790,FLN,2555,XAP,2539,,0,73G
28648,G3,1790,FOR,2559,BEL,2526,,0,73G 738
28649,G3,1790,FOR,2559,BSB,2531,,0,738
28651,G3,1790,FOR,2559,GIG,2560,,0,73G 738
28652,G3,1790,FOR,2559,GRU,2564,,0,738 73G
28653,G3,1790,FOR,2559,NAT,2597,,0,738 73G
28654,G3,1790,FOR,2559,REC,2610,,0,738 73G
28655,G3,1790,FOR,2559,SLZ,2616,,0,738
28656,G3,1790,FOR,2559,SSA,2621,,0,738
28657,G3,1790,FOR,2559,THE,2623,,0,738
28658,G3,1790,GIG,2560,AJU,2522,,0,738 73G
28659,G3,1790,GIG,2560,BEL,2526,,0,738
28660,G3,1790,GIG,2560,BSB,2531,,0,738 73G
28661,G3,1790,GIG,2560,CGB,2548,,0,738
28662,G3,1790,GIG,2560,CGH,2618,,0,738 73G
28663,G3,1790,GIG,2560,CGR,2538,,0,738
28664,G3,1790,GIG,2560,CNF,2537,,0,738 73G
28665,G3,1790,GIG,2560,CWB,2545,,0,738 73G
28667,G3,1790,GIG,2560,FLN,2555,,0,73G
28668,G3,1790,GIG,2560,FOR,2559,,0,738 73G
28669,G3,1790,GIG,2560,GRU,2564,,0,738 73G
28670,G3,1790,GIG,2560,GYN,2562,,0,73G
28671,G3,1790,GIG,2560,IGU,2554,,0,73G
28672,G3,1790,GIG,2560,JPA,2575,,0,738
28673,G3,1790,GIG,2560,MAO,2551,,0,738
28674,G3,1790,GIG,2560,MCZ,2590,,0,738
28675,G3,1790,GIG,2560,NAT,2597,,0,738 73G
28676,G3,1790,GIG,2560,NVT,2595,,0,73G
28677,G3,1790,GIG,2560,POA,2599,,0,738
28678,G3,1790,GIG,2560,REC,2610,,0,738
28680,G3,1790,GIG,2560,SLZ,2616,,0,738
28681,G3,1790,GIG,2560,SSA,2621,,0,738 73G
28682,G3,1790,GIG,2560,VCP,2578,,0,73G
28683,G3,1790,GIG,2560,VIX,2638,,0,738 73G
28685,G3,1790,GRU,2564,AJU,2522,,0,738 73G
28687,G3,1790,GRU,2564,BEL,2526,,0,73G 738
28689,G3,1790,GRU,2564,BPS,4209,,0,738
28690,G3,1790,GRU,2564,BSB,2531,,0,738 73G
28692,G3,1790,GRU,2564,CGB,2548,,0,738 73G
28693,G3,1790,GRU,2564,CGR,2538,,0,738
28694,G3,1790,GRU,2564,CNF,2537,,0,738 73G
28696,G3,1790,GRU,2564,CWB,2545,,0,738
28699,G3,1790,GRU,2564,FLN,2555,,0,738 73G
28700,G3,1790,GRU,2564,FOR,2559,,0,73G 738
28701,G3,1790,GRU,2564,GIG,2560,,0,738 73G
28702,G3,1790,GRU,2564,GYN,2562,,0,738 73G
28703,G3,1790,GRU,2564,IGU,2554,,0,738 73G
28705,G3,1790,GRU,2564,JPA,2575,,0,738
28706,G3,1790,GRU,2564,LDB,2581,,0,738 73G
28707,G3,1790,GRU,2564,MAO,2551,,0,738
28708,G3,1790,GRU,2564,MCZ,2590,,0,738
28709,G3,1790,GRU,2564,MGF,2586,,0,73G
28711,G3,1790,GRU,2564,NAT,2597,,0,738
28712,G3,1790,GRU,2564,NVT,2595,,0,73G
28713,G3,1790,GRU,2564,POA,2599,,0,738 73G
28714,G3,1790,GRU,2564,REC,2610,,0,738
28717,G3,1790,GRU,2564,SDU,2612,,0,738 73G
28718,G3,1790,GRU,2564,SLZ,2616,,0,738
28719,G3,1790,GRU,2564,SSA,2621,,0,738
28720,G3,1790,GRU,2564,THE,2623,,0,738
28721,G3,1790,GRU,2564,UDI,2633,,0,73G
28722,G3,1790,GRU,2564,VIX,2638,,0,738 73G
28724,G3,1790,GYN,2562,BSB,2531,,0,73G 738
28725,G3,1790,GYN,2562,CGH,2618,,0,738 73G
28726,G3,1790,GYN,2562,CNF,2537,,0,738
28727,G3,1790,GYN,2562,GIG,2560,,0,73G
28728,G3,1790,GYN,2562,GRU,2564,,0,738 73G
28729,G3,1790,IGU,2554,CWB,2545,,0,738
28730,G3,1790,IGU,2554,GIG,2560,,0,73G 738
28731,G3,1790,IGU,2554,GRU,2564,,0,738 73G
28732,G3,1790,IMP,2572,BSB,2531,,0,73G
28733,G3,1790,IMP,2572,SLZ,2616,,0,73G
28734,G3,1790,IOS,2569,CNF,2537,,0,73G
28735,G3,1790,IOS,2569,SSA,2621,,0,73G
28736,G3,1790,JDO,6034,REC,2610,,0,73G
28738,G3,1790,JOI,2576,CGH,2618,,0,73G
28739,G3,1790,JPA,2575,BSB,2531,,0,738
28740,G3,1790,JPA,2575,GIG,2560,,0,738
28741,G3,1790,JPA,2575,GRU,2564,,0,738
28742,G3,1790,JTC,8238,CGH,2618,,0,73G
28743,G3,1790,LDB,2581,CGH,2618,,0,738 73G
28744,G3,1790,LDB,2581,CWB,2545,,0,73G 738
28745,G3,1790,LDB,2581,GRU,2564,,0,738 73G
28746,G3,1790,MAB,2584,BEL,2526,,0,73G 738
28747,G3,1790,MAB,2584,BSB,2531,,0,73G 738
28748,G3,1790,MAO,2551,BEL,2526,,0,73G
28749,G3,1790,MAO,2551,BSB,2531,,0,738 73G
28750,G3,1790,MAO,2551,BVB,2533,,0,738 73G
28751,G3,1790,MAO,2551,GIG,2560,,0,738
28752,G3,1790,MAO,2551,GRU,2564,,0,738
28753,G3,1790,MAO,2551,PVH,2607,,0,73G 738
28754,G3,1790,MAO,2551,STM,4092,,0,738
28756,G3,1790,MCP,2591,BEL,2526,,0,738 73G
28757,G3,1790,MCZ,2590,BSB,2531,,0,738
28758,G3,1790,MCZ,2590,GIG,2560,,0,738
28759,G3,1790,MCZ,2590,GRU,2564,,0,738
28760,G3,1790,MCZ,2590,SSA,2621,,0,738
28761,G3,1790,MGF,2586,CGH,2618,,0,738 73G
28762,G3,1790,MGF,2586,CGR,2538,,0,73G
28763,G3,1790,MGF,2586,CWB,2545,,0,73G 738
28764,G3,1790,MGF,2586,GRU,2564,,0,738
28766,G3,1790,MOC,2587,CNF,2537,,0,73G
28769,G3,1790,NAT,2597,BSB,2531,,0,738 73G
28770,G3,1790,NAT,2597,FOR,2559,,0,738
28771,G3,1790,NAT,2597,GIG,2560,,0,738 73G
28772,G3,1790,NAT,2597,GRU,2564,,0,738 73G
28773,G3,1790,NAT,2597,SSA,2621,,0,738
28774,G3,1790,NVT,2595,CGH,2618,,0,73G
28775,G3,1790,NVT,2595,GIG,2560,,0,73G
28776,G3,1790,NVT,2595,GRU,2564,,0,73G
28777,G3,1790,PMW,4214,BSB,2531,,0,73G 738
28778,G3,1790,PNZ,2604,REC,2610,,0,738
28779,G3,1790,POA,2599,BSB,2531,,0,738
28780,G3,1790,POA,2599,CGH,2618,,0,738 73G
28781,G3,1790,POA,2599,CWB,2545,,0,73G 738
28783,G3,1790,POA,2599,FLN,2555,,0,73G 738
28784,G3,1790,POA,2599,GIG,2560,,0,738
28785,G3,1790,POA,2599,GRU,2564,,0,738 73G
28787,G3,1790,PPB,2550,CGH,2618,,0,73G
28789,G3,1790,PVH,2607,BSB,2531,,0,738
28790,G3,1790,PVH,2607,CGB,2548,,0,738
28791,G3,1790,PVH,2607,MAO,2551,,0,73G
28792,G3,1790,PVH,2607,RBR,2609,,0,73G
28793,G3,1790,RBR,2609,BSB,2531,,0,73G
28794,G3,1790,RBR,2609,CZS,2549,,0,73G
28795,G3,1790,RBR,2609,PVH,2607,,0,73G
28796,G3,1790,REC,2610,BSB,2531,,0,738
28797,G3,1790,REC,2610,CNF,2537,,0,738
28798,G3,1790,REC,2610,FEN,2556,,0,73G
28799,G3,1790,REC,2610,FOR,2559,,0,738 73G
28800,G3,1790,REC,2610,GIG,2560,,0,738
28801,G3,1790,REC,2610,GRU,2564,,0,73G 738
28802,G3,1790,REC,2610,JDO,6034,,0,73G
28803,G3,1790,REC,2610,PNZ,2604,,0,738
28804,G3,1790,REC,2610,SSA,2621,,0,738 73G
28810,G3,1790,SDU,2612,BSB,2531,,0,738 73G
28811,G3,1790,SDU,2612,CGH,2618,,0,738
28812,G3,1790,SDU,2612,CNF,2537,,0,73G 738
28813,G3,1790,SDU,2612,GRU,2564,,0,738 73G
28814,G3,1790,SDU,2612,VIX,2638,,0,73G 738
28815,G3,1790,SLZ,2616,BEL,2526,,0,738
28816,G3,1790,SLZ,2616,BSB,2531,,0,738
28817,G3,1790,SLZ,2616,FOR,2559,,0,738
28818,G3,1790,SLZ,2616,GIG,2560,,0,738
28819,G3,1790,SLZ,2616,GRU,2564,,0,738
28820,G3,1790,SLZ,2616,IMP,2572,,0,73G
28821,G3,1790,SSA,2621,AJU,2522,,0,738
28822,G3,1790,SSA,2621,BPS,4209,,0,738
28823,G3,1790,SSA,2621,BSB,2531,,0,738
28824,G3,1790,SSA,2621,CGH,2618,,0,738 73G
28825,G3,1790,SSA,2621,CNF,2537,,0,738
28826,G3,1790,SSA,2621,CPV,2577,,0,738 73G
28827,G3,1790,SSA,2621,FOR,2559,,0,738
28828,G3,1790,SSA,2621,GIG,2560,,0,73G 738
28829,G3,1790,SSA,2621,GRU,2564,,0,738
28830,G3,1790,SSA,2621,IOS,2569,,0,73G
28831,G3,1790,SSA,2621,MCZ,2590,,0,738
28832,G3,1790,SSA,2621,NAT,2597,,0,738
28833,G3,1790,SSA,2621,REC,2610,,0,73G 738
28834,G3,1790,SSA,2621,VIX,2638,,0,73G
28835,G3,1790,STM,4092,BEL,2526,,0,73G 738
28836,G3,1790,STM,4092,MAO,2551,,0,738
28837,G3,1790,THE,2623,BSB,2531,,0,73G 738
28838,G3,1790,THE,2623,FOR,2559,,0,738
28839,G3,1790,THE,2623,GRU,2564,,0,738
28840,G3,1790,UDI,2633,CGH,2618,,0,73G 738
28841,G3,1790,UDI,2633,CNF,2537,,0,738 73G
28842,G3,1790,UDI,2633,GRU,2564,,0,73G
28843,G3,1790,VCP,2578,BSB,2531,,0,738 73G
28844,G3,1790,VCP,2578,CNF,2537,,0,738
28845,G3,1790,VCP,2578,CWB,2545,,0,73G
28846,G3,1790,VCP,2578,GIG,2560,,0,738 73G
28847,G3,1790,VIX,2638,CGH,2618,,0,738
28848,G3,1790,VIX,2638,CNF,2537,,0,738
28849,G3,1790,VIX,2638,GIG,2560,,0,738 73G
28850,G3,1790,VIX,2638,GRU,2564,,0,738 73G
28851,G3,1790,VIX,2638,SDU,2612,,0,738 73G
28852,G3,1790,VIX,2638,SSA,2621,,0,73G
28854,G3,1790,XAP,2539,FLN,2555,,0,73G
34136,JJ,4867,AJU,2522,GRU,2564,,0,320
34137,JJ,4867,AJU,2522,REC,2610,,0,320
34138,JJ,4867,AJU,2522,SDU,2612,,0,319
34139,JJ,4867,AJU,2522,SSA,2621,,0,319
34144,JJ,4867,BEL,2526,BSB,2531,,0,320
34145,JJ,4867,BEL,2526,FOR,2559,,0,320
34146,JJ,4867,BEL,2526,GIG,2560,,0,320
34147,JJ,4867,BEL,2526,GRU,2564,,0,320
34148,JJ,4867,BEL,2526,MAB,2584,,0,320
34149,JJ,4867,BEL,2526,MAO,2551,,0,320
34150,JJ,4867,BEL,2526,MCP,2591,,0,320
34152,JJ,4867,BEL,2526,SLZ,2616,,0,320
34153,JJ,4867,BEL,2526,STM,4092,,0,320
34155,JJ,4867,BPS,4209,CGH,2618,,0,320
34156,JJ,4867,BPS,4209,CNF,2537,,0,320 319
34157,JJ,4867,BPS,4209,GRU,2564,,0,320
34158,JJ,4867,BSB,2531,BEL,2526,,0,320
34159,JJ,4867,BSB,2531,CGB,2548,,0,320 319
34160,JJ,4867,BSB,2531,CGH,2618,,0,320 319
34161,JJ,4867,BSB,2531,CGR,2538,,0,320
34162,JJ,4867,BSB,2531,CNF,2537,,0,320 319
34163,JJ,4867,BSB,2531,CWB,2545,,0,320
34164,JJ,4867,BSB,2531,FLN,2555,,0,320
34165,JJ,4867,BSB,2531,FOR,2559,,0,321 319
34166,JJ,4867,BSB,2531,GIG,2560,,0,320
34167,JJ,4867,BSB,2531,GRU,2564,,0,320 321
34168,JJ,4867,BSB,2531,GYN,2562,,0,320
34169,JJ,4867,BSB,2531,IMP,2572,,0,319 320
34170,JJ,4867,BSB,2531,JPA,2575,,0,320
34171,JJ,4867,BSB,2531,MAB,2584,,0,320
34172,JJ,4867,BSB,2531,MAO,2551,,0,320
34173,JJ,4867,BSB,2531,MCZ,2590,,0,320
34175,JJ,4867,BSB,2531,NAT,2597,,0,320
34176,JJ,4867,BSB,2531,PMW,4214,,0,319 320
34177,JJ,4867,BSB,2531,POA,2599,,0,320
34178,JJ,4867,BSB,2531,PVH,2607,,0,320
34179,JJ,4867,BSB,2531,RBR,2609,,0,320
34180,JJ,4867,BSB,2531,REC,2610,,0,321 320
34181,JJ,4867,BSB,2531,SDU,2612,,0,319
34182,JJ,4867,BSB,2531,SLZ,2616,,0,320 319
34183,JJ,4867,BSB,2531,SSA,2621,,0,320 319
34184,JJ,4867,BSB,2531,THE,2623,,0,320 319
34185,JJ,4867,BSB,2531,UDI,2633,,0,320
34186,JJ,4867,BSB,2531,VCP,2578,,0,320
34187,JJ,4867,BSB,2531,VIX,2638,,0,320
34188,JJ,4867,BVB,2533,MAO,2551,,0,320
34192,JJ,4867,CGB,2548,BSB,2531,,0,320 319
34193,JJ,4867,CGB,2548,CGH,2618,,0,319
34194,JJ,4867,CGB,2548,GRU,2564,,0,320
34195,JJ,4867,CGH,2618,BPS,4209,,0,320
34196,JJ,4867,CGH,2618,BSB,2531,,0,320 319
34197,JJ,4867,CGH,2618,CGB,2548,,0,320
34198,JJ,4867,CGH,2618,CGR,2538,,0,320
34199,JJ,4867,CGH,2618,CNF,2537,,0,319 320
34200,JJ,4867,CGH,2618,CWB,2545,,0,320 319
34201,JJ,4867,CGH,2618,FLN,2555,,0,319 320
34202,JJ,4867,CGH,2618,GIG,2560,,0,320
34203,JJ,4867,CGH,2618,GYN,2562,,0,320 319
34204,JJ,4867,CGH,2618,IGU,2554,,0,320 319
34205,JJ,4867,CGH,2618,IOS,2569,,0,319
34206,JJ,4867,CGH,2618,JOI,2576,,0,319
34207,JJ,4867,CGH,2618,LDB,2581,,0,319
34208,JJ,4867,CGH,2618,NVT,2595,,0,319
34209,JJ,4867,CGH,2618,POA,2599,,0,320 319
34210,JJ,4867,CGH,2618,RAO,2613,,0,320 319
34211,JJ,4867,CGH,2618,SDU,2612,,0,319
34212,JJ,4867,CGH,2618,SJP,2619,,0,320 319
34213,JJ,4867,CGH,2618,SSA,2621,,0,320 319
34214,JJ,4867,CGH,2618,UDI,2633,,0,319 320
34215,JJ,4867,CGH,2618,VIX,2638,,0,320 319
34216,JJ,4867,CGR,2538,BSB,2531,,0,320
34217,JJ,4867,CGR,2538,CGH,2618,,0,320
34218,JJ,4867,CGR,2538,GRU,2564,,0,320
34219,JJ,4867,CNF,2537,BPS,4209,,0,320 319
34220,JJ,4867,CNF,2537,BSB,2531,,0,320 319
34221,JJ,4867,CNF,2537,CGH,2618,,0,319 320
34222,JJ,4867,CNF,2537,GIG,2560,,0,320
34223,JJ,4867,CNF,2537,GRU,2564,,0,320 321
34225,JJ,4867,CNF,2537,SDU,2612,,0,319
34226,JJ,4867,CNF,2537,SSA,2621,,0,320
34228,JJ,4867,CWB,2545,BSB,2531,,0,320
34229,JJ,4867,CWB,2545,CGH,2618,,0,320 319
34230,JJ,4867,CWB,2545,GIG,2560,,0,320
34231,JJ,4867,CWB,2545,GRU,2564,,0,320
34232,JJ,4867,CWB,2545,IGU,2554,,0,320
34233,JJ,4867,CWB,2545,LDB,2581,,0,320
34234,JJ,4867,CWB,2545,POA,2599,,0,320
34235,JJ,4867,CWB,2545,SSA,2621,,0,320
34241,JJ,4867,FLN,2555,BSB,2531,,0,320
34242,JJ,4867,FLN,2555,CGH,2618,,0,320 319
34243,JJ,4867,FLN,2555,GIG,2560,,0,320
34244,JJ,4867,FLN,2555,GRU,2564,,0,320
34245,JJ,4867,FOR,2559,BEL,2526,,0,320
34246,JJ,4867,FOR,2559,BSB,2531,,0,321 319
34247,JJ,4867,FOR,2559,GIG,2560,,0,320 321
34248,JJ,4867,FOR,2559,GRU,2564,,0,321 320
34249,JJ,4867,FOR,2559,MAO,2551,,0,320
34250,JJ,4867,FOR,2559,NAT,2597,,0,321
34251,JJ,4867,FOR,2559,REC,2610,,0,320
34252,JJ,4867,FOR,2559,SLZ,2616,,0,320
34253,JJ,4867,FOR,2559,SSA,2621,,0,320
34254,JJ,4867,FOR,2559,THE,2623,,0,319 320
34257,JJ,4867,GIG,2560,BEL,2526,,0,320
34258,JJ,4867,GIG,2560,BSB,2531,,0,320
34259,JJ,4867,GIG,2560,CGH,2618,,0,320
34260,JJ,4867,GIG,2560,CNF,2537,,0,320
34261,JJ,4867,GIG,2560,CWB,2545,,0,320
34264,JJ,4867,GIG,2560,FLN,2555,,0,320
34265,JJ,4867,GIG,2560,FOR,2559,,0,320 321
34267,JJ,4867,GIG,2560,GRU,2564,,0,320 319
34268,JJ,4867,GIG,2560,IGU,2554,,0,320
34270,JJ,4867,GIG,2560,JPA,2575,,0,320
34271,JJ,4867,GIG,2560,MAO,2551,,0,320
34272,JJ,4867,GIG,2560,MCZ,2590,,0,320
34274,JJ,4867,GIG,2560,NAT,2597,,0,320
34275,JJ,4867,GIG,2560,POA,2599,,0,320
34276,JJ,4867,GIG,2560,REC,2610,,0,320
34278,JJ,4867,GIG,2560,SLZ,2616,,0,320
34279,JJ,4867,GIG,2560,SSA,2621,,0,320 321
34280,JJ,4867,GIG,2560,VCP,2578,,0,320
34281,JJ,4867,GIG,2560,VIX,2638,,0,320
34284,JJ,4867,GRU,2564,AJU,2522,,0,320
34286,JJ,4867,GRU,2564,BEL,2526,,0,320
34288,JJ,4867,GRU,2564,BPS,4209,,0,320
34289,JJ,4867,GRU,2564,BSB,2531,,0,321 320
34292,JJ,4867,GRU,2564,CGB,2548,,0,320
34293,JJ,4867,GRU,2564,CGR,2538,,0,320
34294,JJ,4867,GRU,2564,CNF,2537,,0,321 320
34295,JJ,4867,GRU,2564,CWB,2545,,0,320
34298,JJ,4867,GRU,2564,FLN,2555,,0,320
34299,JJ,4867,GRU,2564,FOR,2559,,0,321 320
34301,JJ,4867,GRU,2564,GIG,2560,,0,320 319
34302,JJ,4867,GRU,2564,GYN,2562,,0,320
34303,JJ,4867,GRU,2564,IGU,2554,,0,320 319
34306,JJ,4867,GRU,2564,JOI,2576,,0,319
34307,JJ,4867,GRU,2564,JPA,2575,,0,320
34308,JJ,4867,GRU,2564,LDB,2581,,0,320
34312,JJ,4867,GRU,2564,MAO,2551,,0,330 321 320
34314,JJ,4867,GRU,2564,MCZ,2590,,0,321
34320,JJ,4867,GRU,2564,NAT,2597,,0,321 320
34321,JJ,4867,GRU,2564,POA,2599,,0,320 321 330
34322,JJ,4867,GRU,2564,RAO,2613,,0,320 319
34323,JJ,4867,GRU,2564,REC,2610,,0,321 320
34326,JJ,4867,GRU,2564,SJP,2619,,0,320 319
34327,JJ,4867,GRU,2564,SLZ,2616,,0,320
34328,JJ,4867,GRU,2564,SSA,2621,,0,320 321
34329,JJ,4867,GRU,2564,THE,2623,,0,320
34330,JJ,4867,GRU,2564,VIX,2638,,0,320
34332,JJ,4867,GYN,2562,BSB,2531,,0,320
34333,JJ,4867,GYN,2562,CGH,2618,,0,320 319
34334,JJ,4867,GYN,2562,GRU,2564,,0,320
34335,JJ,4867,IGU,2554,CGH,2618,,0,320 319
34336,JJ,4867,IGU,2554,CWB,2545,,0,320
34337,JJ,4867,IGU,2554,GIG,2560,,0,320
34338,JJ,4867,IGU,2554,GRU,2564,,0,319 320
34340,JJ,4867,IMP,2572,BSB,2531,,0,320 319
34341,JJ,4867,IMP,2572,SLZ,2616,,0,319 320
34342,JJ,4867,IOS,2569,CGH,2618,,0,319
34343,JJ,4867,IOS,2569,SDU,2612,,0,319
34348,JJ,4867,JOI,2576,CGH,2618,,0,319
34349,JJ,4867,JOI,2576,GRU,2564,,0,319
34350,JJ,4867,JPA,2575,BSB,2531,,0,320
34351,JJ,4867,JPA,2575,GIG,2560,,0,320
34352,JJ,4867,JPA,2575,GRU,2564,,0,320
34355,JJ,4867,LDB,2581,CGH,2618,,0,319
34356,JJ,4867,LDB,2581,CWB,2545,,0,320
34357,JJ,4867,LDB,2581,GRU,2564,,0,320
34365,JJ,4867,MAB,2584,BEL,2526,,0,320
34366,JJ,4867,MAB,2584,BSB,2531,,0,320
34369,JJ,4867,MAO,2551,BEL,2526,,0,320
34370,JJ,4867,MAO,2551,BSB,2531,,0,320
34371,JJ,4867,MAO,2551,BVB,2533,,0,320
34372,JJ,4867,MAO,2551,FOR,2559,,0,320
34373,JJ,4867,MAO,2551,GIG,2560,,0,320
34374,JJ,4867,MAO,2551,GRU,2564,,0,321 320 330
34376,JJ,4867,MAO,2551,STM,4092,,0,320
34378,JJ,4867,MCP,2591,BEL,2526,,0,320
34379,JJ,4867,MCZ,2590,BSB,2531,,0,320
34380,JJ,4867,MCZ,2590,GIG,2560,,0,320
34381,JJ,4867,MCZ,2590,GRU,2564,,0,321
34395,JJ,4867,NAT,2597,BSB,2531,,0,320
34396,JJ,4867,NAT,2597,FOR,2559,,0,321
34397,JJ,4867,NAT,2597,GIG,2560,,0,320
34398,JJ,4867,NAT,2597,GRU,2564,,0,320 321
34399,JJ,4867,NVT,2595,CGH,2618,,0,319
34402,JJ,4867,PET,2603,POA,2599,Y,0,L4T
34403,JJ,4867,PMW,4214,BSB,2531,,0,319 320
34404,JJ,4867,POA,2599,BSB,2531,,0,320
34405,JJ,4867,POA,2599,CGH,2618,,0,319 320
34406,JJ,4867,POA,2599,CWB,2545,,0,320
34407,JJ,4867,POA,2599,GIG,2560,,0,320
34408,JJ,4867,POA,2599,GRU,2564,,0,321 320 330
34410,JJ,4867,PVH,2607,BSB,2531,,0,320
34411,JJ,4867,RAO,2613,CGH,2618,,0,319 320
34412,JJ,4867,RAO,2613,GRU,2564,,0,320 319
34413,JJ,4867,RBR,2609,BSB,2531,,0,320
34414,JJ,4867,REC,2610,AJU,2522,,0,320
34415,JJ,4867,REC,2610,BSB,2531,,0,320 321
34416,JJ,4867,REC,2610,FOR,2559,,0,320
34417,JJ,4867,REC,2610,GIG,2560,,0,320
34418,JJ,4867,REC,2610,GRU,2564,,0,321 320
34420,JJ,4867,REC,2610,SSA,2621,,0,320
34427,JJ,4867,SDU,2612,AJU,2522,,0,319
34428,JJ,4867,SDU,2612,BSB,2531,,0,319
34429,JJ,4867,SDU,2612,CGH,2618,,0,319
34430,JJ,4867,SDU,2612,CNF,2537,,0,319
34431,JJ,4867,SDU,2612,IOS,2569,,0,319
34432,JJ,4867,SDU,2612,VIX,2638,,0,319
34433,JJ,4867,SJP,2619,CGH,2618,,0,319 320
34434,JJ,4867,SJP,2619,GRU,2564,,0,320 319
34435,JJ,4867,SLZ,2616,BEL,2526,,0,320
34436,JJ,4867,SLZ,2616,BSB,2531,,0,320 319
34437,JJ,4867,SLZ,2616,FOR,2559,,0,320
34438,JJ,4867,SLZ,2616,GIG,2560,,0,320
34439,JJ,4867,SLZ,2616,GRU,2564,,0,320
34440,JJ,4867,SLZ,2616,IMP,2572,,0,320 319
34441,JJ,4867,SSA,2621,AJU,2522,,0,319
34442,JJ,4867,SSA,2621,BSB,2531,,0,320 319
34443,JJ,4867,SSA,2621,CGH,2618,,0,320 319
34444,JJ,4867,SSA,2621,CNF,2537,,0,320
34445,JJ,4867,SSA,2621,CWB,2545,,0,320
34446,JJ,4867,SSA,2621,FOR,2559,,0,320
34447,JJ,4867,SSA,2621,GIG,2560,,0,320 321
34448,JJ,4867,SSA,2621,GRU,2564,,0,321 320
34450,JJ,4867,SSA,2621,REC,2610,,0,320
34451,JJ,4867,STM,4092,BEL,2526,,0,320
34452,JJ,4867,STM,4092,MAO,2551,,0,320
34453,JJ,4867,THE,2623,BSB,2531,,0,319 320
34454,JJ,4867,THE,2623,FOR,2559,,0,319 320
34455,JJ,4867,THE,2623,GRU,2564,,0,320
34456,JJ,4867,UDI,2633,BSB,2531,,0,320
34457,JJ,4867,UDI,2633,CGH,2618,,0,319 320
34458,JJ,4867,VCP,2578,BSB,2531,,0,320
34459,JJ,4867,VCP,2578,GIG,2560,,0,320
34460,JJ,4867,VIX,2638,BSB,2531,,0,320
34461,JJ,4867,VIX,2638,CGH,2618,,0,320 319
34462,JJ,4867,VIX,2638,GIG,2560,,0,320
34463,JJ,4867,VIX,2638,GRU,2564,,0,320
34464,JJ,4867,VIX,2638,SDU,2612,,0,319
36485,KL,3090,BEL,2526,STM,4092,Y,0,737
36506,KL,3090,BPS,4209,CNF,2537,Y,0,737
36552,KL,3090,CNF,2537,GRU,2564,Y,0,738
36570,KL,3090,CWB,2545,GIG,2560,Y,0,73G
36571,KL,3090,CWB,2545,MGF,2586,Y,0,738
36640,KL,3090,GIG,2560,CWB,2545,Y,0,737
36778,KL,3090,MAO,2551,GRU,2564,Y,0,737
36788,KL,3090,MGF,2586,CWB,2545,Y,0,737
36914,KL,3090,SLZ,2616,BEL,2526,Y,0,737
36920,KL,3090,STM,4092,MAO,2551,Y,0,737
38096,LH,3320,CWB,2545,LDB,2581,Y,0,320
38390,LH,3320,GRU,2564,CWB,2545,Y,0,320
39944,M6,246,ATM,2566,BEL,2526,,0,EM2
39945,M6,246,ATM,2566,ORX,8259,,0,EM2
39946,M6,246,BEL,2526,ATM,2566,,0,EM2
39947,M6,246,BEL,2526,BVS,7370,,0,EMB
39948,M6,246,BEL,2526,MEU,\N,,0,EM2
39949,M6,246,ITB,2568,STM,4092,,0,EM2
39950,M6,246,MEU,\N,BEL,2526,,0,EM2
39951,M6,246,MEU,\N,ORX,8259,,0,EM2
39952,M6,246,MEU,\N,STM,4092,,0,EM2
39953,M6,246,STM,4092,ITB,2568,,0,EM2
39954,M6,246,STM,4092,MEU,\N,,0,EM2
39956,M6,246,STM,4092,ORX,8259,,0,EM2
43294,NHG,3574,CCM,2541,FLN,2555,,0,L4T
43295,NHG,3574,CFC,8244,CWB,2545,,0,L4T
43296,NHG,3574,CFC,8244,JCB,7384,,0,L4T
43297,NHG,3574,CWB,2545,CFC,8244,,0,L4T
43298,NHG,3574,CWB,2545,FLN,2555,,0,L4T
43299,NHG,3574,CWB,2545,GPB,7383,,0,L4T
43300,NHG,3574,CWB,2545,XAP,2539,,0,L4T
43301,NHG,3574,ERM,6477,JCB,7384,,0,L4T
43302,NHG,3574,ERM,6477,PFB,2602,,0,L4T
43303,NHG,3574,FLN,2555,CCM,2541,,0,L4T
43304,NHG,3574,FLN,2555,CWB,2545,,0,L4T
43305,NHG,3574,FLN,2555,JCB,7384,,0,L4T
43306,NHG,3574,GEL,2596,POA,2599,,0,L4T
43307,NHG,3574,GEL,2596,RIA,6040,,0,L4T
43308,NHG,3574,GPB,7383,CWB,2545,,0,L4T
43309,NHG,3574,JCB,7384,CFC,8244,,0,L4T
43310,NHG,3574,JCB,7384,ERM,6477,,0,L4T
43311,NHG,3574,JCB,7384,FLN,2555,,0,L4T
43312,NHG,3574,PET,2603,POA,2599,,0,L4T
43314,NHG,3574,PFB,2602,ERM,6477,,0,L4T
43315,NHG,3574,PFB,2602,POA,2599,,0,L4T
43316,NHG,3574,POA,2599,ERM,6477,,0,L4T
43317,NHG,3574,POA,2599,PFB,2602,,0,L4T
43318,NHG,3574,POA,2599,RIA,6040,,0,L4T
43319,NHG,3574,POA,2599,SRA,6069,,0,L4T
43320,NHG,3574,RIA,6040,GEL,2596,,0,L4T
43321,NHG,3574,RIA,6040,POA,2599,,0,L4T
43322,NHG,3574,RIA,6040,URG,2632,,0,L4T
43325,NHG,3574,SRA,6069,GEL,2596,,0,L4T
43326,NHG,3574,URG,2632,RIA,6040,,0,L4T
43327,NHG,3574,XAP,2539,CWB,2545,,0,L4T
44087,O6,3764,AJU,2522,BSB,2531,,0,318
44088,O6,3764,AJU,2522,SSA,2621,,0,318
44089,O6,3764,BSB,2531,AJU,2522,,0,318
44090,O6,3764,BSB,2531,CGB,2548,,0,100
44091,O6,3764,BSB,2531,CGH,2618,,0,318 319 100
44092,O6,3764,BSB,2531,CGR,2538,,0,318
44093,O6,3764,BSB,2531,CNF,2537,,0,100
44094,O6,3764,BSB,2531,CWB,2545,,0,318
44095,O6,3764,BSB,2531,FLN,2555,,0,318
44096,O6,3764,BSB,2531,FOR,2559,,0,320
44097,O6,3764,BSB,2531,GIG,2560,,0,318
44098,O6,3764,BSB,2531,GRU,2564,,0,318 320
44099,O6,3764,BSB,2531,IOS,2569,,0,100
44100,O6,3764,BSB,2531,JDO,6034,,0,318
44101,O6,3764,BSB,2531,JPA,2575,,0,319
44102,O6,3764,BSB,2531,MCZ,2590,,0,318
44103,O6,3764,BSB,2531,NAT,2597,,0,319
44104,O6,3764,BSB,2531,PNZ,2604,,0,100
44105,O6,3764,BSB,2531,REC,2610,,0,318
44106,O6,3764,BSB,2531,SDU,2612,,0,318 319
44107,O6,3764,BSB,2531,SSA,2621,,0,318
44108,O6,3764,CGB,2548,BSB,2531,,0,100
44109,O6,3764,CGB,2548,CGR,2538,,0,100
44110,O6,3764,CGB,2548,GRU,2564,,0,318
44111,O6,3764,CGB,2548,PVH,2607,,0,100
44112,O6,3764,CGH,2618,BSB,2531,,0,318 319 100
44113,O6,3764,CGH,2618,FLN,2555,,0,318 319
44114,O6,3764,CGH,2618,SDU,2612,,0,319
44115,O6,3764,CGH,2618,SSA,2621,,0,318
44116,O6,3764,CGR,2538,BSB,2531,,0,318
44117,O6,3764,CGR,2538,CGB,2548,,0,100
44118,O6,3764,CGR,2538,CWB,2545,,0,100
44119,O6,3764,CNF,2537,BSB,2531,,0,100
44120,O6,3764,CWB,2545,BSB,2531,,0,318
44121,O6,3764,CWB,2545,CGR,2538,,0,100
44122,O6,3764,FLN,2555,BSB,2531,,0,318
44123,O6,3764,FLN,2555,CGH,2618,,0,318 319
44124,O6,3764,FLN,2555,GIG,2560,,0,318
44125,O6,3764,FLN,2555,GRU,2564,,0,320 318
44126,O6,3764,FLN,2555,POA,2599,,0,320
44127,O6,3764,FLN,2555,XAP,2539,,0,318
44128,O6,3764,FOR,2559,BSB,2531,,0,320
44129,O6,3764,FOR,2559,GIG,2560,,0,318
44130,O6,3764,FOR,2559,GRU,2564,,0,320 318
44131,O6,3764,FOR,2559,JDO,6034,,0,318
44132,O6,3764,GIG,2560,BSB,2531,,0,318
44133,O6,3764,GIG,2560,FLN,2555,,0,318
44134,O6,3764,GIG,2560,FOR,2559,,0,318
44135,O6,3764,GIG,2560,GRU,2564,,0,318
44136,O6,3764,GIG,2560,JPA,2575,,0,318
44137,O6,3764,GIG,2560,POA,2599,,0,318
44138,O6,3764,GIG,2560,REC,2610,,0,318
44139,O6,3764,GIG,2560,SSA,2621,,0,320
44140,O6,3764,GRU,2564,BSB,2531,,0,320 318
44141,O6,3764,GRU,2564,CGB,2548,,0,318
44142,O6,3764,GRU,2564,FLN,2555,,0,318 320
44143,O6,3764,GRU,2564,FOR,2559,,0,320 318
44144,O6,3764,GRU,2564,GIG,2560,,0,318
44145,O6,3764,GRU,2564,JDO,6034,,0,318
44146,O6,3764,GRU,2564,MCZ,2590,,0,318
44147,O6,3764,GRU,2564,NAT,2597,,0,320
44148,O6,3764,GRU,2564,PFB,2602,,0,100
44149,O6,3764,GRU,2564,POA,2599,,0,100 318
44150,O6,3764,GRU,2564,REC,2610,,0,320 318
44151,O6,3764,GRU,2564,SSA,2621,,0,320 318
44152,O6,3764,IOS,2569,BSB,2531,,0,100
44153,O6,3764,IOS,2569,SSA,2621,,0,100
44154,O6,3764,JDO,6034,BSB,2531,,0,318
44155,O6,3764,JDO,6034,FOR,2559,,0,318
44156,O6,3764,JDO,6034,GRU,2564,,0,318
44157,O6,3764,JPA,2575,BSB,2531,,0,319
44158,O6,3764,JPA,2575,GIG,2560,,0,318
44159,O6,3764,MCZ,2590,BSB,2531,,0,318
44160,O6,3764,MCZ,2590,GRU,2564,,0,318
44161,O6,3764,MCZ,2590,SSA,2621,,0,320
44162,O6,3764,NAT,2597,BSB,2531,,0,319
44163,O6,3764,NAT,2597,GRU,2564,,0,320
44164,O6,3764,PFB,2602,GRU,2564,,0,100
44165,O6,3764,PNZ,2604,BSB,2531,,0,100
44166,O6,3764,PNZ,2604,REC,2610,,0,320
44167,O6,3764,PNZ,2604,SSA,2621,,0,320
44168,O6,3764,POA,2599,FLN,2555,,0,320
44169,O6,3764,POA,2599,GIG,2560,,0,318
44170,O6,3764,POA,2599,GRU,2564,,0,100 318
44171,O6,3764,PVH,2607,CGB,2548,,0,100
44172,O6,3764,REC,2610,BSB,2531,,0,318
44173,O6,3764,REC,2610,GIG,2560,,0,318
44174,O6,3764,REC,2610,GRU,2564,,0,320
44175,O6,3764,REC,2610,PNZ,2604,,0,320
44176,O6,3764,REC,2610,SSA,2621,,0,320
44177,O6,3764,SDU,2612,BSB,2531,,0,318 319
44178,O6,3764,SDU,2612,CGH,2618,,0,319
44179,O6,3764,SDU,2612,SSA,2621,,0,319
44180,O6,3764,SSA,2621,AJU,2522,,0,318
44181,O6,3764,SSA,2621,BSB,2531,,0,318 319
44182,O6,3764,SSA,2621,CGH,2618,,0,318
44183,O6,3764,SSA,2621,GIG,2560,,0,320
44184,O6,3764,SSA,2621,GRU,2564,,0,320 318
44185,O6,3764,SSA,2621,IOS,2569,,0,100
44186,O6,3764,SSA,2621,MCZ,2590,,0,320
44187,O6,3764,SSA,2621,PNZ,2604,,0,320
44188,O6,3764,SSA,2621,REC,2610,,0,320
44189,O6,3764,SSA,2621,SDU,2612,,0,319
44190,O6,3764,XAP,2539,FLN,2555,,0,318
48445,S5,4822,BEL,2526,MAB,2584,,0,CNC
48446,S5,4822,BSB,2531,GYN,2562,,0,CNC
48447,S5,4822,CDJ,2518,CMP,7369,,0,CNC
48448,S5,4822,CKS,7532,MAB,2584,,0,CNC
48449,S5,4822,GRP,7368,MQH,7375,,0,CNC
48451,S5,4822,MAB,2584,IMP,2572,,0,CNC
48452,S5,4822,MAB,2584,OIA,8239,,0,CNC
48453,S5,4822,MAB,2584,RDC,8240,,0,CNC
48454,S5,4822,MQH,7375,BSB,2531,,0,CNC
48455,S5,4822,OIA,8239,CKS,7532,,0,CNC
48456,S5,4822,RDC,8240,CDJ,2518,,0,CNC
48457,S5,4822,STZ,7374,SXO,8243,,0,CNC
48458,S5,4822,SXO,8243,GRP,7368,,0,CNC
48459,S5,4822,SXX,8241,OIA,8239,,0,CNC
51967,TE,2418,CAW,2543,MEA,6037,,0,L4T
51968,TE,2418,CAW,2543,SDU,2612,,0,L4T
51969,TE,2418,CAW,2543,VIX,2638,,0,L4T
51970,TE,2418,CFB,7364,SDU,2612,,0,L4T
51971,TE,2418,MEA,6037,CAW,2543,,0,L4T
51972,TE,2418,MEA,6037,SDU,2612,,0,L4T
51973,TE,2418,SDU,2612,CFB,7364,,0,L4T
51974,TE,2418,SDU,2612,MEA,6037,,0,L4T
51975,TE,2418,SDU,2612,SJK,2615,,0,L4T
51976,TE,2418,SJK,2615,SDU,2612,,0,L4T
51977,TE,2418,VIX,2638,CAW,2543,,0,L4T
56500,UA,5209,GIG,2560,GRU,2564,,0,777
56518,UA,5209,GRU,2564,GIG,2560,,0,777
58919,US,5265,CWB,2545,POA,2599,,0,763
65972,Y8,16725,BRA,7373,BSB,2531,,0,EM2
65973,Y8,16725,BRA,7373,SSA,2621,,0,EM2
65974,Y8,16725,BSB,2531,BRA,7373,,0,EM2
65975,Y8,16725,BSB,2531,RAO,2613,,0,EM2
65976,Y8,16725,BSB,2531,SJP,2619,,0,EM2
65977,Y8,16725,CGB,2548,GYN,2562,,0,ER4
65978,Y8,16725,CGB,2548,JPR,6073,,0,ER4
65979,Y8,16725,CWB,2545,RAO,2613,,0,EM2
65980,Y8,16725,GRU,2564,RAO,2613,,0,EM2 ER4
65981,Y8,16725,GRU,2564,UDI,2633,,0,EM2
65982,Y8,16725,GYN,2562,CGB,2548,,0,ER4
65983,Y8,16725,GYN,2562,RAO,2613,,0,ER4
65984,Y8,16725,GYN,2562,UDI,2633,,0,EM2
65985,Y8,16725,JPR,6073,CGB,2548,,0,ER4
65986,Y8,16725,PLU,2528,RAO,2613,,0,EM2
65987,Y8,16725,RAO,2613,BSB,2531,,0,EM2
65988,Y8,16725,RAO,2613,CWB,2545,,0,EM2
65989,Y8,16725,RAO,2613,GRU,2564,,0,EM2 ER4
65990,Y8,16725,RAO,2613,GYN,2562,,0,ER4
65991,Y8,16725,RAO,2613,PLU,2528,,0,EM2
65992,Y8,16725,RAO,2613,SDU,2612,,0,EM2
65993,Y8,16725,RAO,2613,SJP,2619,,0,EM2
65994,Y8,16725,SDU,2612,RAO,2613,,0,EM2
65995,Y8,16725,SJP,2619,BSB,2531,,0,EM2
65996,Y8,16725,SJP,2619,RAO,2613,,0,EM2
65997,Y8,16725,SSA,2621,BRA,7373,,0,EM2
65998,Y8,16725,SSA,2621,VDC,6039,,0,EM2
65999,Y8,16725,UDI,2633,GRU,2564,,0,EM2
66000,Y8,16725,UDI,2633,GYN,2562,,0,EM2
66001,Y8,16725,VDC,6039,SSA,2621,,0,EM2
